{
    "Id": 1,
    "Blocks": [
        {
            "x": -1.5299999713897706,
            "y": 0.3300001621246338,
            "z": 0.0
        },
        {
            "x": -0.03000009059906006,
            "y": 0.3300001621246338,
            "z": 0.0
        },
        {
            "x": 1.4700000286102296,
            "y": 0.3300001621246338,
            "z": 0.0
        }
    ]
}